{"name":"9b2f87d6-90a9-4cb0-ba9d-b5e15a19a248","id":"/providers/Microsoft.Flow/flows/9b2f87d6-90a9-4cb0-ba9d-b5e15a19a248","type":"Microsoft.Flow/flows","properties":{"apiId":"/providers/Microsoft.PowerApps/apis/shared_logicflows","displayName":"Replicate Microsoft 365 Group to a Security Group","definition":{"metadata":{"workflowEntityId":null,"processAdvisorMetadata":null,"flowclientsuspensionreason":"None","flowclientsuspensiontime":null,"flowclientsuspensionreasondetails":null,"creator":{"id":"fc0c4578-2651-4bde-a8bc-a969be288f0a","type":"User","tenantId":"a5da97c5-d525-4870-a11c-336f5d5f2608"},"provisioningMethod":"FromDefinition","failureAlertSubscription":true,"clientLastModifiedTime":"2022-07-21T01:02:24.7706466Z"},"$schema":"https://schema.management.azure.com/providers/Microsoft.Logic/schemas/2016-06-01/workflowdefinition.json#","contentVersion":"1.0.0.0","parameters":{"$connections":{"defaultValue":{},"type":"Object"},"$authentication":{"defaultValue":{},"type":"SecureObject"}},"triggers":{"When_a_group_member_is_added_or_removed":{"recurrence":{"frequency":"Minute","interval":5},"splitOn":"@triggerOutputs()?['body']","metadata":{"operationMetadataId":"a4692db1-a1a3-4335-a4b5-1a7b592580a4"},"type":"OpenApiConnection","inputs":{"host":{"apiId":"/providers/Microsoft.PowerApps/apis/shared_office365groups","connectionName":"shared_office365groups","operationId":"OnGroupMembershipChange"},"parameters":{"groupId":"4a035b28-cebe-47f5-935b-89cec763c4d1"},"authentication":"@parameters('$authentication')"}}},"actions":{"Check_if_User_was_Added_or_Removed":{"actions":{"Add_user_to_group":{"runAfter":{},"metadata":{"operationMetadataId":"2978155d-c91d-44b2-affe-d850d477943d"},"type":"OpenApiConnection","inputs":{"host":{"apiId":"/providers/Microsoft.PowerApps/apis/shared_azuread","connectionName":"shared_azuread","operationId":"AddUserToGroup"},"parameters":{"id":"@variables('SecurityGroupID')","body/@odata.id":"@triggerOutputs()?['body/id']"},"authentication":"@parameters('$authentication')"}}},"runAfter":{"Initialize_Security_Group_ID_Variable":["Succeeded"]},"else":{"actions":{"Remove_Member_From_Group":{"runAfter":{},"metadata":{"operationMetadataId":"674e8dfd-a3b3-4db9-9035-6233384a30fa"},"type":"OpenApiConnection","inputs":{"host":{"apiId":"/providers/Microsoft.PowerApps/apis/shared_azuread","connectionName":"shared_azuread","operationId":"RemoveMemberFromGroup"},"parameters":{"groupId":"@variables('SecurityGroupID')","memberId":"@triggerOutputs()?['body/id']"},"authentication":"@parameters('$authentication')"}}}},"expression":{"equals":["@triggerOutputs()?['body/@removed/reason']","@null"]},"metadata":{"operationMetadataId":"8b585351-3c66-444b-8f13-91f1dd469e86"},"type":"If"},"Initialize_Security_Group_ID_Variable":{"runAfter":{},"metadata":{"operationMetadataId":"615b3c31-6da3-4a37-ac5a-3fc0279375b0"},"type":"InitializeVariable","inputs":{"variables":[{"name":"SecurityGroupID","type":"string","value":"12bbc933-a570-49c6-8bf9-a2fcbf9ec948"}]}}}},"connectionReferences":{"shared_azuread":{"connectionName":"shared-azuread-f3b5bb92-466b-430a-aa76-1dff154aa5f6","source":"Embedded","id":"/providers/Microsoft.PowerApps/apis/shared_azuread","tier":"NotSpecified"},"shared_office365groups":{"connectionName":"shared-office365grou-980d047a-630d-4fc5-aeaa-a3854b071045","source":"Embedded","id":"/providers/Microsoft.PowerApps/apis/shared_office365groups","tier":"NotSpecified"}},"flowFailureAlertSubscribed":false,"isManaged":false}}